mysql> select * from student;
+-------+-----------+--------+------------+-----------+-----------+
| RegNo | Name      | Gender | DOB        | mobileno  | City      |
+-------+-----------+--------+------------+-----------+-----------+
|     1 | vishnu    | M      | 2004-09-01 |  83794874 | nagercoil |
|     2 | hari      | m      | 2004-09-01 |  78346754 | nagercoil |
|     3 | priya     | f      | 2004-07-31 | 834764976 | nagercoil |
|     4 | dharshini | f      | 2004-07-31 |  83664597 | nagercoil |
+-------+-----------+--------+------------+-----------+-----------+
4 rows in set (0.00 sec)

mysql> select regno,name,dob from student;
+-------+-----------+------------+
| regno | name      | dob        |
+-------+-----------+------------+
|     1 | vishnu    | 2004-09-01 |
|     2 | hari      | 2004-09-01 |
|     3 | priya     | 2004-07-31 |
|     4 | dharshini | 2004-07-31 |
+-------+-----------+------------+
4 rows in set (0.00 sec)

mysql> select * from student where gender = 'f';
+-------+-----------+--------+------------+-----------+-----------+
| RegNo | Name      | Gender | DOB        | mobileno  | City      |
+-------+-----------+--------+------------+-----------+-----------+
|     3 | priya     | f      | 2004-07-31 | 834764976 | nagercoil |
|     4 | dharshini | f      | 2004-07-31 |  83664597 | nagercoil |
+-------+-----------+--------+------------+-----------+-----------+
2 rows in set (0.00 sec)

mysql> select * from student;
+-------+-----------+--------+------------+-----------+-----------+
| RegNo | Name      | Gender | DOB        | mobileno  | City      |
+-------+-----------+--------+------------+-----------+-----------+
|     1 | vishnu    | M      | 2004-09-01 |  83794874 | nagercoil |
|     2 | hari      | m      | 2004-09-01 |  78346754 | nagercoil |
|     3 | priya     | f      | 2004-07-31 | 834764976 | nagercoil |
|     4 | dharshini | f      | 2004-07-31 |  83664597 | nagercoil |
+-------+-----------+--------+------------+-----------+-----------+
4 rows in set (0.00 sec)
mysql> select * from student where city = 'nagercoil';
+-------+-----------+--------+------------+-----------+-----------+
| RegNo | Name      | Gender | DOB        | mobileno  | City      |
+-------+-----------+--------+------------+-----------+-----------+
|     1 | vishnu    | M      | 2004-09-01 |  83794874 | nagercoil |
|     2 | hari      | m      | 2004-09-01 |  78346754 | nagercoil |
|     3 | priya     | f      | 2004-07-31 | 834764976 | nagercoil |
|     4 | dharshini | f      | 2004-07-31 |  83664597 | nagercoil |
+-------+-----------+--------+------------+-----------+-----------+
4 rows in set (0.00 sec)

mysql> select * from faculty;
+-------+---------+--------+------------+------------+-----------+--------+------+
| FacNo | FacName | Gender | DOB        | DOJ        | MobileNo  | DeptNo | age  |
+-------+---------+--------+------------+------------+-----------+--------+------+
| 2000  | ram     | m      | 1983-05-01 | 2023-01-19 | 874983734 | eee    |   23 |
| 2001  | vanitha | f      | 1980-02-15 | 2022-02-14 |   3884863 | cse    |   43 |
| 2002  | densin  | m      | 1996-01-13 | 2020-04-20 |  83987422 | it     |   26 |
+-------+---------+--------+------------+------------+-----------+--------+------+
3 rows in set (0.00 sec)

mysql>  select*from faculty where doj<"2014-11-01";
Empty set (0.00 sec)

mysql> select * from student where name like '%ma';
Empty set (0.00 sec)

mysql> select *from student where char_length(name) !=6;
+-------+-----------+--------+------------+-----------+-----------+
| RegNo | Name      | Gender | DOB        | mobileno  | City      |
+-------+-----------+--------+------------+-----------+-----------+
|     2 | hari      | m      | 2004-09-01 |  78346754 | nagercoil |
|     3 | priya     | f      | 2004-07-31 | 834764976 | nagercoil |
|     4 | dharshini | f      | 2004-07-31 |  83664597 | nagercoil |
+-------+-----------+--------+------------+-----------+-----------+
3 rows in set (0.00 sec)
